<!-- 
 * (C) Copyright Microsoft Corporation 2021.
 *
 * Licensed under the Apache License, Version 2.0 (the "License");
 * you may not use this file except in compliance with the License.
 * You may obtain a copy of the License at
 *
 * http://www.apache.org/licenses/LICENSE-2.0
 *
 * Unless required by applicable law or agreed to in writing, software
 * distributed under the License is distributed on an "AS IS" BASIS,
 * WITHOUT WARRANTIES OR CONDITIONS OF ANY KIND, either express or implied.
 * See the License for the specific language governing permissions and
 * limitations under the License.
-->
<?xml version="1.0"?>
<application-client
	xmlns="http://xmlns.jcp.org/xml/ns/javaee"
	xmlns:xsi="http://www.w3.org/2001/XMLSchema-instance"
	xsi:schemaLocation="http://xmlns.jcp.org/xml/ns/javaee http://xmlns.jcp.org/xml/ns/javaee/application-client_8.xsd"
	version="8">
	<display-name>hello-world-client</display-name>
	<ejb-ref>
		<ejb-ref-name>ejb/session/HelloWorld</ejb-ref-name>
		<ejb-ref-type>Session</ejb-ref-type>
		<home>helloworld.HelloWorldHome</home>
		<remote>helloworld.HelloWorldRemote</remote>
	</ejb-ref>
</application-client>
