<!-- 
 * (C) Copyright Microsoft Corporation 2021.
 *
 * Licensed under the Apache License, Version 2.0 (the "License");
 * you may not use this file except in compliance with the License.
 * You may obtain a copy of the License at
 *
 * http://www.apache.org/licenses/LICENSE-2.0
 *
 * Unless required by applicable law or agreed to in writing, software
 * distributed under the License is distributed on an "AS IS" BASIS,
 * WITHOUT WARRANTIES OR CONDITIONS OF ANY KIND, either express or implied.
 * See the License for the specific language governing permissions and
 * limitations under the License.
-->
<?xml version="1.0" encoding="UTF-8"?>
<ejb-jar id="Ejb_Jar_1" version="2.1"
	xmlns="http://java.sun.com/xml/ns/j2ee"
	xmlns:xsi="http://www.w3.org/2001/XMLSchema-instance"
	xsi:schemaLocation="http://java.sun.com/xml/ns/j2ee http://java.sun.com/xml/ns/j2ee/ejb-jar_2_1.xsd">
	<display-name>hello-world-ejb</display-name>
	<enterprise-beans>
		<session id="Session_HelloWorld">
			<ejb-name>HelloWorld</ejb-name>
			<home>helloworld.HelloWorldHome</home>
			<remote>helloworld.HelloWorldRemote</remote>
			<ejb-class>helloworld.HelloWorldBean</ejb-class>
			<session-type>Stateless</session-type>
			<transaction-type>Container</transaction-type>
		</session>
	</enterprise-beans>
</ejb-jar>
