<!-- 
 * (C) Copyright Microsoft Corporation 2021.
 *
 * Licensed under the Apache License, Version 2.0 (the "License");
 * you may not use this file except in compliance with the License.
 * You may obtain a copy of the License at
 *
 * http://www.apache.org/licenses/LICENSE-2.0
 *
 * Unless required by applicable law or agreed to in writing, software
 * distributed under the License is distributed on an "AS IS" BASIS,
 * WITHOUT WARRANTIES OR CONDITIONS OF ANY KIND, either express or implied.
 * See the License for the specific language governing permissions and
 * limitations under the License.
-->
<server description="defaultServer">

	<!-- Enable features -->
	<featureManager>
		<feature>appClientSupport-1.0</feature>
		<feature>ejbRemote-3.2</feature>
		<feature>ejbHome-3.2</feature>
		<feature>servlet-4.0</feature>
		<feature>localConnector-1.0</feature>
	</featureManager>

	<httpEndpoint host="*" httpPort="9080" httpsPort="9443" id="defaultHttpEndpoint"/>

	<!-- Automatically expand WAR files and EAR files -->
	<applicationManager autoExpand="true"/>

	<applicationMonitor updateTrigger="mbean"/>

    <enterpriseApplication id="hello-world" location="hello-world.ear" name="hello-world"/>
</server>
